"","B2M","CXCL10","DDX58","DDX60","DOCK2","EEF1A1","FBXO6","FTL","GBP1","HERC5","IFI35","IFI44","IFI44L","IFIH1","IFIT1","IFIT2","IFIT3","IRF7","ISG15","ITM2B","LY6E","MX1","MYL12B","MYL6","OAS1","OAS2","OAS3","OASL","OAZ1","OTOF","PARP14","PARP9","PRIC285","RPLP2","RPS25","RPS29","RSAD2","SAMD9L","SPATS2L","STAT1","STAT2","TNFSF10","TRIM22","UBE2L6","XAF1","ZBP1","Gender","Subject.Age"
"new_sample",35142.1289933088,775.694977122587,1305.04226461323,6620.75988400166,3615.04468067519,1274.94842492213,6623.44450440892,26683.2393154223,1911.01950414332,244.471108702696,1115.16812394183,1681.88741916463,4042.04236720912,1066.73427339035,4245.05895639555,3163.07856800562,4133.58095975848,1670.89621615526,2055.62053805329,4935.73572861803,3750.19557689511,6929.96116294518,2489.364828697,4213.90455626852,3626.82142843805,4043.84499255603,1736.79909466174,816.213444475145,6283.15222914547,3265.17154098171,3841.18032810549,5855.01824622565,770.35292549853,14563.0491903696,2890.61413270253,8337.70872427908,2232.69750265519,3270.22770580836,4260.17322541164,2461.11244121656,1142.42126639817,3766.04001674392,3849.00014484998,2627.3840144447,2775.21513177775,909.174155973419,"Female",38
